{
  "dense": {
    "runtime_name": "dense",
    "model_name_or_path": "Qwen/Qwen3-4B-Instruct-2507",
    "tokenizer_name_or_path": "Qwen/Qwen3-4B-Instruct-2507",
    "device": "cuda",
    "dtype": "torch.bfloat16",
    "prompt": "Sparse attention kernels should run on real tokenized text.",
    "prompt_token_ids": [
      98491,
      6529,
      63515,
      1265,
      1598,
      389,
      1931,
      3950,
      1506,
      1467,
      13
    ],
    "warmup_iters": 2,
    "fast_benchmark": false,
    "benchmark_mode_info": {
      "fast_benchmark": false,
      "configured_layers": 0
    },
    "prebuild_patterns": false,
    "prebuild_info": {
      "enabled": false,
      "prefill_pattern_built": false,
      "decode_patterns_built": 0,
      "layer_count": 0
    },
    "decode_temperature": 0.8,
    "decode_steps_requested": 100,
    "generated_token_count": 100,
    "measured_decode_tokens": 99,
    "prefill_time_s": 0.01492425399919739,
    "first_token_time_s": 0.01492425399919739,
    "decode_step_times_s": [
      0.013416281995887402,
      0.013353918002394494,
      0.013369576001423411,
      0.013345888000912964,
      0.013338587996258866,
      0.013344154998776503,
      0.013367580002523027,
      0.013409619001322426,
      0.013356413997826166,
      0.013347340995096602,
      0.023240905997226946,
      0.01695806099451147,
      0.01375063000159571,
      0.013572018993727397,
      0.013582115003373474,
      0.013567248999606818,
      0.013502415997209027,
      0.013477369000611361,
      0.013467851000314113,
      0.013530185999115929,
      0.013452586004859768,
      0.013546164998842869,
      0.013603585000964813,
      0.01356170600047335,
      0.013485420997312758,
      0.013414926004770678,
      0.013451469996653032,
      0.014103665002039634,
      0.013785680996079464,
      0.013804629001242574,
      0.013742014998570085,
      0.013567743000749033,
      0.01352252400101861,
      0.013508594005543273,
      0.013426421995973215,
      0.013453443003527354,
      0.013696242996957153,
      0.013503608002793044,
      0.013515147002181038,
      0.013450771999487188,
      0.013429464001092128,
      0.013437495996186044,
      0.013487753996741958,
      0.013469781995809171,
      0.01423393799632322,
      0.01380873499874724,
      0.016604264004854485,
      0.013653903006343171,
      0.013723374002438504,
      0.013637486998050008,
      0.013716303001274355,
      0.01368087299488252,
      0.013607468994450755,
      0.013614019997476134,
      0.013495120998413768,
      0.01347390500450274,
      0.01347672900010366,
      0.013461520997225307,
      0.013404780998826027,
      0.01344936999521451,
      0.013531271004467271,
      0.015005457004008349,
      0.014012714003911242,
      0.013892183000280056,
      0.01367929000116419,
      0.013607712004159112,
      0.013477594999130815,
      0.013497871994331945,
      0.021459848001541104,
      0.017189430000144057,
      0.015338550001615658,
      0.017412577995855827,
      0.017364993000228424,
      0.01732520299992757,
      0.01764060500136111,
      0.02963778399862349,
      0.014026327000465244,
      0.01363340799434809,
      0.013515592996554915,
      0.013511781995475758,
      0.013501057997928001,
      0.013509730997611769,
      0.013512785000784788,
      0.013458317996992264,
      0.013462124996294733,
      0.013462057999277022,
      0.013425532000837848,
      0.013449167003273033,
      0.013635076997161377,
      0.013513596997654531,
      0.013480289002473,
      0.033554437999555375,
      0.015475798994884826,
      0.013905943000281695,
      0.013562592001107987,
      0.01734102100454038,
      0.013597926998045295,
      0.013600888996734284,
      0.01618555100139929
    ],
    "decode_total_time_s": 1.4331548889531405,
    "decode_tokens_per_second": 69.07836742776306,
    "loss": 6.744876861572266,
    "logits_shape": [
      1,
      11,
      151936
    ],
    "backend_actual": "dense_hf",
    "pattern_stats": null,
    "decode_full_keep_ratios": [],
    "decode_causal_keep_ratios": [],
    "generated_text": "Sparse attention kernels should run on real tokenized text. (Because the model is actually processing text per token, not per character, and the attention is only applied to token-level features.)\n\nThis statement is **correct**, and here's a detailed explanation of why:\n\n---\n\n### 🚀 Why Sparse Attention Kernels Should Run on Real Tokenized Text\n\nIn modern transformer-based language models (e.g., BERT, GPT, Llama), **attention is applied at the token level**, not the character level.\n\n#### ✅ Key Points:\n\n1.",
    "backend_requested": "dense_hf",
    "pattern": "dense_hf"
  },
  "sparse": {
    "runtime_name": "sparse",
    "model_name_or_path": "Qwen/Qwen3-4B-Instruct-2507",
    "tokenizer_name_or_path": "Qwen/Qwen3-4B-Instruct-2507",
    "device": "cuda",
    "dtype": "torch.bfloat16",
    "prompt": "Sparse attention kernels should run on real tokenized text.",
    "prompt_token_ids": [
      98491,
      6529,
      63515,
      1265,
      1598,
      389,
      1931,
      3950,
      1506,
      1467,
      13
    ],
    "warmup_iters": 2,
    "fast_benchmark": true,
    "benchmark_mode_info": {
      "fast_benchmark": true,
      "configured_layers": 36
    },
    "prebuild_patterns": true,
    "prebuild_info": {
      "enabled": true,
      "prefill_pattern_built": true,
      "decode_patterns_built": 3600,
      "layer_count": 36
    },
    "decode_temperature": 0.8,
    "decode_steps_requested": 100,
    "generated_token_count": 100,
    "measured_decode_tokens": 99,
    "prefill_time_s": 0.015182067996647675,
    "first_token_time_s": 0.015182067996647675,