{
  "experiment_type": "qwen3_layer_block_sparsity",
  "created_at": "2026-03-27T09:03:31.016981+00:00",
  "experiment": {
    "experiment_idx": 4,
    "label": "exp_04_layers_24_29_s0p2",
    "layer_start": 24,
    "layer_end": 29,
    "layer_count": 6,
    "target_sparsity": 0.2,
    "mean_sparsity": 0.033333333333333326,
    "layer_group_sparsities": [
      [
        0.0,
        0.0,
        0.0,
        0.0,
        0.0,
        0.0,
        0.0,
        0.0
      ],
      [
        0.0,
        0.0,
        0.0,
        0.0,
        0.0,
        0.0,
        0.0,
        0.0
      ],
      [
        0.0,
        0.0,
        0.0,
        0.0,
        0.0,
        0.0,
        0.0,
        0.0
      ],
      [
        0.0,
        0.0,
        0.0,
        0.0,
        0.0,
        0.0,
        0.0,
        0.0
      ],
      [
        0.0,
        0.0,
        0.0,
        0.0,
        0.0,
        0.0,
        0.0,
        0.0
      ],
      [
        0.0,
        0.0,
        0.0,
        0.0,
        0.0,
        0.0,
        0.0,
        0.0
      ],
      [
        0.0,
        0.0,
        0.0,
        0.0,
        0.0,
        0.0,
        0.0,
        0.0
      ],
      [
        0.0,
        0.0,
        0.0,
        0.0,
        0.0,
        0.0,
        0.0,
        0.0
      ],
      [
        0.0,
        0.0,
        0.0,
        0.0,
        0.0,
        0.0,
        0.0,
        0.0
      ],
      [
        0.0,
        0.0,
        0.0,
        0.0,
        0.0,
        0.0,
        0.0,
        0.0
      ],
      [
        0.0,
        0.0,
        0.0,
        0.0,
        0.0,
        0.0,
        0.0,
        0.0
      ],
      [
        0.0,
        0.0,
        0.0,
        0.0,
        0.0,
        0.0,
        0.0,
        0.0
      ],
      [
        0.0,
        0.0,
        0.0,
        0.0,
        0.0,
        0.0,
        0.0,
        0.0
      ],
      [
        0.0,
        0.0,
        0.0,
        0.0,
        0.0,
        0.0,
        0.0,
        0.0
      ],
      [
        0.0,
        0.0,
        0.0,
        0.0,
        0.0,
        0.0,
        0.0,
        0.0
      ],
      [
        0.0,
        0.0,
        0.0,
        0.0,
        0.0,
        0.0,
        0.0,
        0.0
      ],
      [
        0.0,
        0.0,
        0.0,
        0.0,
        0.0,
        0.0,
        0.0,
        0.0
      ],
      [
        0.0,
        0.0,
        0.0,
        0.0,
        0.0,
        0.0,
        0.0,
        0.0
      ],
      [
        0.0,
        0.0,
        0.0,
        0.0,
        0.0,
        0.0,
        0.0,
        0.0
      ],
      [
        0.0,
        0.0,
        0.0,
        0.0,
        0.0,
        0.0,
        0.0,
        0.0
      ],
      [
        0.0,
        0.0,
        0.0,
        0.0,
        0.0,
        0.0,
        0.0,
        0.0
      ],
      [
        0.0,
        0.0,
        0.0,
        0.0,
        0.0,
        0.0,
        0.0,
        0.0
      ],
      [
        0.0,
        0.0,
        0.0,
        0.0,
        0.0,
        0.0,
        0.0,
        0.0
      ],
      [
        0.0,
        0.0,
        0.0,
        0.0,
        0.0,
        0.0,
        0.0,
        0.0
      ],
      [
        0.2,
        0.2,
        0.2,
        0.2,
        0.2,
        0.2,
        0.2,
        0.2
      ],
      [
        0.2,
        0.2,
        0.2,
        0.2,
        0.2,
        0.2,
        0.2,
        0.2
      ],
      [
        0.2,
        0.2,
        0.2,
        0.2,
        0.2,
        0.2,
        0.2,
        0.2
      ],
      [
        0.2,
        0.2,
        0.2,
        0.2,
        0.2,
        0.2,
        0.2,
        0.2
      ],
      [
        0.2,
        0.2,
        0.2,
        0.2,
        0.2,
        0.2,
        0.2,
        0.2
      ],
      [
        0.2,
        0.2,
        0.2,
        0.2,
        0.2,
        0.2,
        0.2,
        0.2
      ],
      [
        0.0,
        0.0,
        0.0,
        0.0,
        0.0,
        0.0,
        0.0,
        0.0
      ],
      [
        0.0,
        0.0,
        0.0,
        0.0,
        0.0,
        0.0,
        0.0,
        0.0
      ],
      [
        0.0,
        0.0,
        0.0,
        0.0,
        0.0,
        0.0,
        0.0,
        0.0
      ],
      [
        0.0,
        0.0,
        0.0,
        0.0,
        0.0,
        0.0,
        0.0,
        0.0
      ],
      [
        0.0,
        0.0,
        0.0,
        0.0,
        0.0,
        0.0,
        0.0,
        0.0
      ],
      [
        0.0,
        0.0,
        0.0,
        0.0,
        0.0,
        0.0,
        0.0,
        0.0
      ]
    ]
  },
  "dense_generation_baseline_path": "/home/roy/Documents/STUDY/IC/YEAR4_TERM2/ADLS/SparseAttentionInfer/sparse_llm/qwen3/experiment/outputs/metrics/qwen3_layer_block_sparsity_runs/dense_generation_baseline.json",
  "dense_perplexity_baseline_path": "/home/roy/Documents/STUDY/IC/YEAR4_TERM2/ADLS/SparseAttentionInfer/sparse_llm/qwen3/experiment/outputs/metrics/qwen3_layer_block_sparsity_runs/dense_perplexity_baseline.json",
  "summary": {
    "experiment_idx": 4,
    "label": "exp_04_layers_24_29_s0p2",
    "layer_start": 24,
    "layer_end": 29,
    "layer_count": 6,
    "target_sparsity": 0.2,
    "mean_sparsity": 0.033333333333333326,
    "generation_prefill_speedup": 1.0410780507342474,
    "generation_decode_speedup": 1.0246994136702585,
    "generation_dense_prefill_time_s": 0.01530409199767746,
    "generation_sparse_prefill_time_s": 0.014700234998599626,
    "generation_dense_decode_tokens_per_second": 73.02667918347828,
    "generation_sparse_decode_tokens_per_second": 74.83039534159626,
    "perplexity_dense": 9.472842401730613,
    "perplexity_sparse": 9.9367307284107,
    "ppl_ratio": 1.0489703414252238,
    "baseline_over_ppl": 0.9533157997978394,
    "ppl_delta": 0.4638883266800864,
    "perplexity_eval_speedup": 1.5327369645314168,
    "perplexity_dense_tokens_per_second": 4670.997022210734,
    "perplexity_sparse_tokens_per_second": 7159.409797158568,
    "avg_keep_ratio": 0.0,
    "avg_sparsity": 0.0,
    "generation_backend_actual": "triton_universal",
    "perplexity_backend_actual": "triton_universal",
    "raw_metrics_path": "/home/roy/Documents/STUDY/IC/YEAR4_TERM2/ADLS/SparseAttentionInfer/sparse_llm/qwen3/experiment/outputs/metrics/qwen3_layer_block_sparsity_runs/exp_04_layers_24_29_s0p2.json"
  },
  "sparse_generation": {
    "runtime_name": "sparse",
    "model_name_or_path": "Qwen/Qwen3-4B-Instruct-2507",
    "tokenizer_name_or_path": "Qwen/Qwen3-4B-Instruct-2507",
    "device": "cuda",
    "dtype": "torch.bfloat16",
    "batch_size": 1,
    "prompt_source": "cli",
    "prompt": "Sparse attention kernels should run on real tokenized text.",
    "prompt_token_ids": [
      98491,
      6529,
      63515,
      1265,
      1598,
      389,
      1931,
      3950,
      1506,
      1467,
      13
    ],
    "warmup_iters": 2,
    "fast_benchmark": true,
    "respect_eos_in_benchmark": false,
    "benchmark_mode_info": {
      "fast_benchmark": true,
      "configured_layers": 36
    },
    "prebuild_patterns": true,
    "prebuild_info": {
      "enabled": true,
      "prefill_pattern_built": true,
      "decode_patterns_built": 1800,
      "layer_count": 36
    },
    "decode_temperature": 0.8,
    "decode_steps_requested": 50,
    "generated_token_count_per_sequence": 50,
    "generated_token_count_total": 50,
    "measured_decode_steps": 49,
    "measured_decode_tokens": 49,
    "prefill_time_s": 0.014700234998599626,
    "first_token_time_s": 0.014700234998599626,